LoginID,UserID
jho064,A1Kcf8Z1u3
ksong775,Rjuqf7P3nX
slafleur286,ECk9NPOnC1
umartell232,0nYGfSzH52
qharlow811,8BdlWK9mvn
dankeren437,hEp6l3yRkB
rventimiglia396,vrSPzDaBog
adevereux918,yVEE6glmyP
mhollands782,4D8d5NFQey
lkawakami527,tmil3gYi8I
lalbano202,stB2damzF1
omerx423,Q5zYQSo07T
jji247,WJrWAidLZ5
ryoon681,l8fb19WIds
cdirchs226,DlK1RDF6DZ
ttash050,s8jX7v1r9L
mdaniell662,qSaWq5Khmt
gwray899,JEdJCRTwMu
droncalli225,LbOIaCTwOR
syounge919,F8SGo1rfbJ
rzeegers249,aDQQtN7BnB
mwirth350,w4xX1lvTG7
iknudsen510,ixYZCGpl5D
bbauer710,iep724zbM3
nnewton663,rRMSF0EH7d
gmaria244,EWUS9AaKts
jho064,A1Kcf8Z1u3
ksong775,Rjuqf7P3nX
slafleur286,ECk9NPOnC1
umartell232,0nYGfSzH52
qharlow811,8BdlWK9mvn
dankeren437,hEp6l3yRkB
rventimiglia396,vrSPzDaBog
adevereux918,yVEE6glmyP
mhollands782,4D8d5NFQey
lkawakami527,tmil3gYi8I
lalbano202,stB2damzF1
omerx423,Q5zYQSo07T
ttash050,s8jX7v1r9L
mdaniell662,qSaWq5Khmt
gwray899,JEdJCRTwMu
droncalli225,LbOIaCTwOR
syounge919,F8SGo1rfbJ
rzeegers249,aDQQtN7BnB
mwirth350,w4xX1lvTG7
iknudsen510,ixYZCGpl5D
nbapat922,tmt3aPs20s
dcornell036,QrcaEXMLnx
ldemetriou598,VxX7KCsBEi
rluo968,PiQvBSPut9
sbreda659,MvygDkC5GZ
sknutson811,pSE2USVUGe
jjundt663,uZfhzJCf3Q
mhartmann364,2ruNWPmicg
sdobbs181,5xTn7laQAz
sayton323,UPLEFa48ob
egregory740,g0aGB2MNq6
tbencivenni554,vMCwbZJ5UI
nbystrom666,P80TDV5kec
ljoyce110,UX8dL9oWOH
csorge400,erGZXNCSa8
cstein161,aKtF7xlCj1
dfrost839,OcbMCqoATE
alacey372,Ki437ImMiB
erodney311,VkA4Ln4RP8
slacy795,Vv5mvmR93y
aturati272,9mCMQL1myp
sfukui307,FGVfybCruk
mgartner140,ybgAEICak2
jji247,WJrWAidLZ5
nbapat922,tmt3aPs20s
rluo968,PiQvBSPut9
sknutson811,pSE2USVUGe
jjundt663,uZfhzJCf3Q
mhartmann364,2ruNWPmicg
sdobbs181,5xTn7laQAz
sayton323,UPLEFa48ob
egregory740,g0aGB2MNq6
tbencivenni554,vMCwbZJ5UI
nbystrom666,P80TDV5kec
ljoyce110,UX8dL9oWOH
csorge400,erGZXNCSa8
cstein161,aKtF7xlCj1
dfrost839,OcbMCqoATE
alacey372,Ki437ImMiB
erodney311,VkA4Ln4RP8
slacy795,Vv5mvmR93y
aturati272,9mCMQL1myp
nhart392,8uv1aK9btU
tjacobs350,cp5asEx6KR
mschuhart942,RxNqRHaaoI
phogarth740,AnRRwDoMFm
epark561,RwKSObZt8b
wcho532,QVsfnLS8nP
aeldridge638,piajOfWMIT
druf440,lKOmgoDP5M
ageorge577,xrWlqSyLPV
rhepburn830,k4hG2bKBi2
hjoosten544,OhfDW5FQet
rwest129,0Bb2zMzQAL
apapp539,qjAClhRo8T
ncobb173,MMNPTkNHZg
kfava260,v9ksRoAENe
dhu396,I8k5HwpLlU
cpeter506,pAA8hhbaAf
cabate188,kJQAvxlegv
ptivoli928,l8Ck5AEii7
hlinville629,EIBGkZJ8LU
daarle24,WVztzxaqG1
hmoon196,nlNo3Ifie2
earrigucci181,fe20lUruvB
stolkien163,q24FfeogSR
anascimbeni12,1aRjlUAYpO
akirch668,WUMHFJy3AG
hackermann400,ujARr06uDs
nkaufman471,RtDWbzvtoo
lbandoni978,bCSKEQsp82
odanniel58,xshALL98rR
nhart392,8uv1aK9btU
tjacobs350,cp5asEx6KR
mschuhart942,RxNqRHaaoI
phogarth740,AnRRwDoMFm
epark561,RwKSObZt8b
wcho532,QVsfnLS8nP
apapp539,qjAClhRo8T
ncobb173,MMNPTkNHZg
kfava260,v9ksRoAENe
dhu396,I8k5HwpLlU
cpeter506,pAA8hhbaAf
cabate188,kJQAvxlegv
ptivoli928,l8Ck5AEii7
hlinville629,EIBGkZJ8LU
daarle24,WVztzxaqG1
hmoon196,nlNo3Ifie2
earrigucci181,fe20lUruvB
rhepburn830,k4hG2bKBi2
hjoosten544,OhfDW5FQet
nherman665,qBhsb9AT1D
gmorris475,wUSNkrt2i7
epontecorvo916,YXCMIivcy6
avespa995,loWO7ep40W
smarston647,AyZm6kgtLQ
pruskin457,RCkC4TjYNZ
amun214,SGDgfAoZn8
ebeutel057,UuUxEvmxXO
rguttuso845,9wHtriXf8s
llange012,j3BjhOJA0K
anervi835,77JVECgA9Y
ablakely607,LRH33DL7sR
phult841,82rggZxf5c
gdanielson911,ffD2jzc574
cbaldinotti843,zMdmtuvTDn
dlindholm427,4RygfhpS1h
lleigh151,WW56HAP2R1
rterry598,Sx6sqg2Av5
vacconcio363,Oojd410rxz
jkim79,bSZa17FK2l
vfiddler300,A3mMrNEFsy
echong351,ize3lkeNiR
cchen902,fk7USWbA60
dheimans471,Xo3aGKAsfE
stolkien163,q24FfeogSR
anascimbeni12,1aRjlUAYpO
akirch668,WUMHFJy3AG
hackermann400,ujARr06uDs
nkaufman471,RtDWbzvtoo
lbandoni978,bCSKEQsp82